iter	MAE	RMSE
0	0.6778994409	0.8685738986
1	0.6773174486	0.8680191214
2	0.6771633799	0.867891094
3	0.677004457	0.8677599345
4	0.6765601931	0.8674073846
5	0.6763479807	0.8672230403
6	0.6758912495	0.8668470261
7	0.6755344506	0.8665393316
8	0.6752300816	0.8662167309
9	0.6749139766	0.8659565282
10	0.6747558286	0.8657947283
11	0.6745133033	0.86556942
12	0.6742988998	0.8653185405
13	0.6739585542	0.8650649864
14	0.6735688451	0.8647149995
15	0.6733354189	0.8645228039
16	0.6728644402	0.864144085
17	0.6725878414	0.8639190277
18	0.6721714622	0.8635615811
19	0.6719150633	0.8633502812
20	0.6717820102	0.8631968251
21	0.6714691023	0.8628780564
22	0.6711121523	0.8625935175
23	0.6707963291	0.8623757035
24	0.6705144949	0.8621142426
25	0.6699773449	0.8616779134
26	0.6696451335	0.8613553377
27	0.669437772	0.8611977786
28	0.6692328133	0.8610467131
29	0.6690017114	0.8608237062
30	0.6688583499	0.8607126327
31	0.6687755731	0.8606474624
32	0.6683292575	0.8602916944
33	0.6681081959	0.8601454378
34	0.6677683574	0.8598345775
35	0.6675930372	0.8596749358
36	0.6672515315	0.8594142903
37	0.6671107394	0.8592974711
38	0.6668672877	0.8590318708
39	0.6666189203	0.8588162093
40	0.666452624	0.8586486416
41	0.6662311726	0.8584500035
42	0.6659674807	0.8582462451
43	0.6655508716	0.857946678
44	0.6651365813	0.8576213303
45	0.6647981038	0.857324829
46	0.6643431659	0.8569821554
47	0.6640751979	0.8567856015
48	0.6637578331	0.8564992085
49	0.663582431	0.8563749259
50	0.6633613953	0.8562134225
51	0.6631945293	0.8560407371
52	0.6629358842	0.85588208
53	0.6627221846	0.8556904638
54	0.6623675765	0.8554363424
55	0.662177934	0.8552582403
56	0.6619635357	0.8550443179
57	0.6617824593	0.8548557121
58	0.6613710274	0.8545375104
59	0.6612841663	0.8544679708
60	0.661075763	0.8542306307
61	0.6608672645	0.8540545358
62	0.6606983371	0.8538903809
63	0.6603662941	0.8536329646
64	0.6599320612	0.8532483834
65	0.6595723684	0.8529470259
66	0.6592474283	0.8526876123
67	0.6590638405	0.852519308
68	0.6588366434	0.8523475136
69	0.6587192776	0.8522582716
70	0.6584163318	0.8520391211
71	0.6580504337	0.8517897883
72	0.6577530735	0.8514364418
73	0.6577288133	0.8513927332
74	0.6573825148	0.850899978
75	0.6571510589	0.8507368181
76	0.6568139844	0.8505174808
77	0.6567226283	0.8504106732
78	0.6563358402	0.8500970615
79	0.6562483136	0.8500339665
80	0.65607973	0.8498962515
81	0.6560705389	0.8498753461
82	0.6556955862	0.8495921891
83	0.6554320744	0.8494468449
84	0.6550937508	0.8492062788
85	0.6548716747	0.8490333926
86	0.6546101429	0.8488407906
87	0.6544145081	0.8486917044
88	0.6543004333	0.8486172962
89	0.6542138266	0.8485419535
90	0.6539784195	0.8483850798
91	0.6536169496	0.8481423193
92	0.653186054	0.8478439591
93	0.6530461129	0.8477725588
94	0.6529422756	0.8476966117
95	0.6528706166	0.8476117236
96	0.6527177368	0.8475051537
97	0.6525336591	0.8474005083
98	0.6524180475	0.8472899526
99	0.6522218043	0.8471049467
100	0.6520631854	0.8469714488
101	0.6518093883	0.8467788338
102	0.6516679918	0.8466783769
103	0.6514080618	0.8464388446
104	0.6509705496	0.8461111538
105	0.65072828	0.8459339262
106	0.650613512	0.845858364
107	0.650266933	0.8456389972
108	0.6500313188	0.8453565697
109	0.6498930414	0.845257852
110	0.6497108428	0.8451242939
111	0.6496204494	0.8450440254
112	0.6493651143	0.8448769518
113	0.6491120659	0.8446853511
114	0.6489289214	0.8444948039
115	0.6486764502	0.8443223006
116	0.6481578004	0.8439892353
117	0.6480199346	0.8439091142
118	0.6479914349	0.8438741778
119	0.6479502493	0.8438444023
120	0.6479311755	0.843827742
121	0.6477451677	0.8436749502
122	0.6476739688	0.8436142345
123	0.6474134655	0.8434374323
124	0.6473075135	0.8433069762
125	0.647139859	0.8431263047
126	0.6469630104	0.8430067555
127	0.6468496692	0.8429156948
128	0.6466739985	0.8425445531
129	0.6465081409	0.8424040743
130	0.6464467458	0.8423443092
131	0.6462544791	0.8421919811
132	0.6459115112	0.8419140845
133	0.6457456812	0.841730708
134	0.6453276573	0.8414675927
135	0.6450600476	0.8412901794
136	0.6449570536	0.8412306784
137	0.6447954913	0.841119024
138	0.6446865403	0.8409905878
139	0.6446103421	0.8409101667
140	0.6441398381	0.8405776567
141	0.6438932646	0.8404345419
142	0.6438424827	0.8403825123
143	0.6435490206	0.8402098693
144	0.6434167826	0.84013079
145	0.6432081746	0.8400173636
146	0.6429900526	0.8398130061
147	0.6427811122	0.8396157213
148	0.6427089979	0.8395362082
149	0.6425754451	0.8394373196
150	0.6424463977	0.8393182554
151	0.6423384667	0.8392613346
152	0.642229661	0.8391483557
153	0.642088684	0.8390167711
154	0.6419208662	0.8388620884
155	0.6418112226	0.8387708987
156	0.6415685908	0.8386414738
157	0.6414304075	0.8385358905
158	0.6412297765	0.8384122974
159	0.6410876357	0.8383062981
160	0.6409191606	0.8381661522
161	0.6408150075	0.8381172164
162	0.6406882898	0.8380171677
163	0.6405585266	0.8379191317
164	0.6402934374	0.8376573672
165	0.6400192295	0.8375101198
166	0.6399182283	0.8373735394
167	0.6397557997	0.8372390624
168	0.6396901742	0.8371773705
169	0.6395172697	0.8370397142
170	0.639391239	0.8369338667
171	0.6393426721	0.8368987098
172	0.6391506677	0.8367796272
173	0.6388302986	0.8365771581
174	0.6386875108	0.8363490963
175	0.6383840689	0.8360894624
176	0.6382599751	0.8359357469
177	0.6380784744	0.8357638632
178	0.6378508692	0.8356376937
179	0.6378006369	0.8355921716
180	0.637476508	0.8353600984
181	0.6372713177	0.835226365
182	0.6371189254	0.8350994753
183	0.6369851416	0.8350159778
184	0.6368822989	0.8349016804
185	0.6367932442	0.8348292081
186	0.6365817658	0.8347162463
187	0.6364301415	0.8345979175
188	0.6361858435	0.8344514541
189	0.6360129968	0.8343181415
190	0.6358916589	0.8342126134
191	0.6356582501	0.8340674563
192	0.6354760908	0.8338931525
193	0.6351162344	0.8336287788
194	0.6348760603	0.8334601353
195	0.6346981392	0.8333298041
196	0.6346636575	0.8332841406
197	0.6345430177	0.8331782726
198	0.6343992382	0.8330857206
199	0.6342275973	0.8329344679
200	0.6340810357	0.8328077179
201	0.6339676627	0.8326997339
202	0.6338138647	0.8325832973
203	0.6335910728	0.832411834
204	0.6335461393	0.8323576254
205	0.6334078989	0.8322252476
206	0.633407627	0.832216275
207	0.6332860535	0.8320772035
208	0.6332581453	0.8320400598
209	0.6331356697	0.8319626783
210	0.6330181728	0.831855234
211	0.6328781118	0.8317623324
212	0.6327271249	0.8316184736
213	0.6326515302	0.8315577845
214	0.6322567903	0.8312970268
215	0.6320924278	0.8311884287
216	0.6319990208	0.8310911404
217	0.631931966	0.8310341263
218	0.6318656911	0.8309173785
219	0.6315363596	0.8306722906
220	0.6314734028	0.8305828278
221	0.6313417719	0.8304667049
222	0.6311294487	0.8302819537
223	0.6310295263	0.8302112572
224	0.630902481	0.8301262821
225	0.6307760677	0.8300518365
226	0.6306422715	0.8299010493
227	0.6305848061	0.8298239411
228	0.630559124	0.8297758428
229	0.6304668597	0.8297250594
230	0.6303393828	0.8295167614
231	0.6301721683	0.829379888
232	0.6300667163	0.8292252776
233	0.6300175312	0.8291753562
234	0.6298578107	0.8289860774
235	0.6297344853	0.8286461867
236	0.6296028607	0.8284907511
237	0.6294166454	0.8283681907
238	0.6293553335	0.828301218
239	0.629048304	0.8280971717
240	0.62887765	0.8279614487
241	0.6288716671	0.8279518744
242	0.6287866416	0.8278516159
243	0.6287459004	0.8278136772
244	0.6286883468	0.8277569417
245	0.6286573383	0.8277405106
246	0.6286275811	0.8277050852
247	0.6284968199	0.827512807
248	0.6282218673	0.8273139966
249	0.628128473	0.827216349
250	0.6279285078	0.8270919848
251	0.6278443816	0.8270408958
252	0.627613572	0.8269166313
253	0.6275113602	0.8268151538
254	0.6274267712	0.8267168755
255	0.6273206399	0.826657088
256	0.6270606063	0.8264843044
257	0.6268256265	0.8263459978
258	0.6266053747	0.8262183553
259	0.626443067	0.8261151816
260	0.6264039943	0.8260757525
261	0.6263272832	0.8260460031
262	0.6263062535	0.8260412558
263	0.6262592918	0.8260106869
264	0.6260714253	0.8258530976
265	0.6260324878	0.8257931665
266	0.6259556029	0.8256960037
267	0.6258700113	0.8256224901
268	0.6257818245	0.8255478376
269	0.6254963931	0.8253706935
270	0.6253648989	0.8252300194
271	0.625243761	0.8251497338
272	0.6252053096	0.8251212803
273	0.625017077	0.8249733305
274	0.6249177489	0.8249139434
275	0.6249112551	0.8248974005
276	0.6247419854	0.8247978017
277	0.6247025808	0.8247377947
278	0.6245730989	0.8246505821
279	0.6245489382	0.8246286855
280	0.6245480581	0.8246202492
281	0.6244844444	0.8245503198
282	0.6244161013	0.8244946979
283	0.6243925146	0.8244828667
284	0.6243771561	0.8244709042
285	0.6243279384	0.8244344783
286	0.6241429909	0.8242924233
287	0.6241198547	0.8242708475
288	0.6240817948	0.8242583681
289	0.6239647278	0.824150282
290	0.6239458207	0.8241203416
291	0.6239449596	0.8241120925
292	0.6238124058	0.8239416948
293	0.6237802959	0.8239028061
294	0.623748826	0.8238866816
295	0.6237001697	0.8238360719
296	0.6235437734	0.8236312121
297	0.6234044285	0.8235256943
298	0.623385759	0.8234967231
299	0.6231571026	0.8233647592
300	0.6231233592	0.8233270855
301	0.6228871823	0.822958206
302	0.622799487	0.822895457
303	0.6226340023	0.8227719985
304	0.6226236062	0.822751833
305	0.6225445903	0.8226702724
306	0.6225378527	0.8226572848
307	0.6225083267	0.822625657
308	0.6224813445	0.8225891148
309	0.6224072803	0.8225055059
310	0.6222538247	0.8224019311
311	0.6221924574	0.8223616019
312	0.6221546065	0.8222984262
313	0.622050023	0.8220862665
314	0.6220304969	0.8220287373
315	0.6219489613	0.8219455142
316	0.6219221227	0.8218972837
317	0.6219165153	0.821887419
318	0.6218198971	0.8217667371
319	0.621710334	0.8216693407
320	0.62169345	0.8216412129
321	0.6216439525	0.821607471
322	0.6214942988	0.8215352513
323	0.6213459723	0.8214288034
324	0.621313988	0.8213874638
325	0.6212562102	0.8213367388
326	0.6211443834	0.8212088349
327	0.6210184624	0.8211379024
328	0.6209912023	0.821091877
329	0.6209546121	0.8210371941
330	0.6208491749	0.8209527792
331	0.6208337203	0.8209240097
332	0.6206573947	0.8207926272
333	0.6206561154	0.8207849802
334	0.6206423701	0.8207532233
335	0.6205451806	0.8206651143
336	0.6205210023	0.8206329164
337	0.6204439723	0.8204973969
338	0.6203606848	0.8204446484
339	0.6203206804	0.8204033003
340	0.6202556313	0.8203401703
341	0.620163807	0.8202376176
342	0.6200891677	0.8201320478
343	0.6200221017	0.8200263689
344	0.6199830673	0.8199612847
345	0.6199571353	0.8199192054
346	0.6199039964	0.8198594516
347	0.6198174805	0.8197428956
348	0.619799909	0.8197251301
349	0.6197778676	0.819698266
350	0.6197230124	0.8196487699
351	0.6196278451	0.8195926767
352	0.6195957142	0.8195633148
353	0.6194012792	0.8194529627
354	0.619361382	0.8194071667
355	0.6192745714	0.8193167755
356	0.6191839857	0.8192321222
357	0.6190897237	0.8191323612
358	0.6190572109	0.8190988436
359	0.6189778959	0.818995358
360	0.6189145808	0.8189003835
361	0.6188793167	0.8188656208
362	0.6188173526	0.8187909306
363	0.6187426396	0.8187453574
364	0.6187224666	0.818721587
365	0.6186492823	0.8186468325
366	0.6185634393	0.8185466356
367	0.6184921791	0.8184898849
368	0.6184140951	0.8184265551
369	0.6183776754	0.8184110023
370	0.6183455054	0.8183823392
371	0.6183214309	0.8183627402
372	0.6182526994	0.8182551604
373	0.6181170797	0.8181727358
374	0.6180762038	0.8181041607
375	0.6180197319	0.8180582785
376	0.6177812411	0.8179128825
377	0.6177667662	0.8178827863
378	0.6177118844	0.8178369795
379	0.6176797038	0.8178028278
380	0.6176096537	0.8176729369
381	0.6175600646	0.8176375351
382	0.6175212963	0.8176108376
383	0.6174540363	0.8175332927
384	0.617409996	0.8174967834
385	0.617374471	0.8174774002
386	0.6173415521	0.8174525418
387	0.6172309347	0.8173762578
388	0.6172022974	0.8173384135
389	0.6171684963	0.8173006743
390	0.6171173505	0.8172627993
391	0.6170788732	0.8172404418
392	0.6168329199	0.8171091027
393	0.6167315912	0.8170649908
394	0.6167301132	0.8170582072
395	0.616728637	0.8170514914
396	0.6165620053	0.8169428291
397	0.6165084166	0.8168601779
398	0.6164224468	0.816773492
399	0.6164081479	0.8166991194
400	0.6162558662	0.816618122
401	0.6162544153	0.8166114808
402	0.6162434546	0.816608892
403	0.6161904553	0.8165674019
404	0.6160334432	0.8163458046
405	0.6159958945	0.8163163956
406	0.6159867677	0.8162931458
407	0.6158440131	0.816183891
408	0.6157815696	0.816137347
409	0.6156707349	0.815910102
410	0.6156278161	0.8158847369
411	0.6155088805	0.8157665873
412	0.6154961418	0.815752541
413	0.6154873375	0.8157424031
414	0.61547129	0.8157141492
415	0.6154143217	0.8156448375
416	0.6153587708	0.8155837651
417	0.6152469909	0.8155334105
418	0.6151770194	0.8154582864
419	0.6151179687	0.8154103764
420	0.6150093963	0.8152794084
421	0.614932135	0.815202024
422	0.614875775	0.8151526435
423	0.614791263	0.8150510005
424	0.6146845604	0.8148928859
425	0.6145528463	0.8147561421
426	0.6144576277	0.8146715151
427	0.6142642479	0.8145416885
428	0.6141930775	0.8144667979
429	0.6141698248	0.8144414303
430	0.6141480222	0.8144011804
431	0.6139805991	0.8142729218
432	0.6138705157	0.8141681856
433	0.6138634729	0.8141631806
434	0.6138329968	0.814137532
435	0.6137838968	0.814094439
436	0.613707881	0.8140369331
437	0.6135255204	0.8139349841
438	0.6134856971	0.8138990126
439	0.613484423	0.8138968278
440	0.6134683849	0.8138731106
441	0.6133628622	0.8137661196
442	0.6132413552	0.8136963405
443	0.6130937439	0.8136339729
444	0.6130729598	0.8136117829
445	0.6129959647	0.8135073517
446	0.6129193249	0.8134384674
447	0.6129140133	0.8134182763
448	0.6128677003	0.8133826092
449	0.6128662701	0.8133763871
450	0.6128650256	0.8133742331
451	0.6127851423	0.813333757
452	0.6127699123	0.8133114367
453	0.6126851924	0.8132188581
454	0.6126500151	0.8131929152
455	0.6126205077	0.8131567874
456	0.6124645585	0.8130167398
457	0.612304001	0.8128109115
458	0.6122414	0.8127202274
459	0.612121825	0.8126482909
460	0.6120906253	0.8125539008
461	0.6120230963	0.8124573298
462	0.6119136112	0.8123204727
463	0.611838833	0.812237159
464	0.6117980962	0.812216189
465	0.611769948	0.8121461496
466	0.6117165103	0.8120520298
467	0.6116144352	0.8119101878
468	0.6115167972	0.8118108907
469	0.6114538242	0.8117736593
470	0.6114471706	0.8117595752
471	0.6112596286	0.8116066745
472	0.6111954748	0.8115639609
473	0.6111343751	0.811489468
474	0.6111179867	0.8114825321
475	0.6110959054	0.8114465616
476	0.6109974754	0.8113212055
477	0.6109563328	0.8112622251
478	0.6107995163	0.8111771197
479	0.6107425761	0.8110984352
480	0.6106716938	0.8110210297
481	0.6104994016	0.8108506121
482	0.610420097	0.8107943969
483	0.610390959	0.8107516815
484	0.6103621737	0.8107051461
485	0.6102993687	0.8105875313
486	0.6102624247	0.8105232042
487	0.6102391738	0.8104979779
488	0.6100882679	0.8103627491
489	0.6100360892	0.810293508
490	0.6100110952	0.8102277429
491	0.6099285491	0.8101400751
492	0.6099058908	0.8101348668
493	0.6098804924	0.8101151671
494	0.6098308354	0.8100341959
495	0.6097475549	0.8099709007
496	0.6097286768	0.8099335872
497	0.6096786702	0.8098523749
498	0.6096218478	0.8098004575
499	0.6095463146	0.8097378132
500	0.6094848695	0.8096954543
501	0.6094063883	0.8096130878
502	0.6093792485	0.8095941661
503	0.6092794562	0.8095328339
504	0.609160794	0.809420604
505	0.6091183477	0.8093357124
506	0.609078489	0.8092885361
507	0.608954339	0.8092069796
508	0.6089283659	0.8091788214
509	0.6088772631	0.8091329216
510	0.6087751632	0.8088941503
511	0.6087230043	0.8088548262
512	0.6086496475	0.808722405
513	0.6086456738	0.8087158952
514	0.6085977295	0.808677509
515	0.6085562616	0.808631164
516	0.6085559448	0.8086310738
517	0.608485355	0.8085488783
518	0.6084227747	0.8084694807
519	0.6083682716	0.8083928613
520	0.6083381375	0.8083562788
521	0.6081005819	0.8082082076
522	0.6080250722	0.8081294036
523	0.6079859385	0.8080795232
524	0.6079278322	0.8079852256
525	0.6077053023	0.8078600119
526	0.6077103121	0.8077881848
527	0.6075421311	0.8076836588
528	0.6074457412	0.8076121755
529	0.6074308744	0.8075955291
530	0.607375215	0.8075433499
531	0.6072969482	0.8074638275
532	0.607169704	0.8073736777
533	0.6071615544	0.8073672676
534	0.6071599553	0.8073617483
535	0.6071301597	0.8073395215
536	0.6071197893	0.8073164947
537	0.6071003656	0.8073028285
538	0.6070650511	0.8072535749
539	0.6069947551	0.807135595
540	0.6069729714	0.8071050264
541	0.606913402	0.8069599772
542	0.6068386555	0.8068695918
543	0.6067241482	0.8067854404
544	0.6066879361	0.8067669692
545	0.6066168579	0.8067231582
546	0.6065818438	0.8066916736
547	0.6064710957	0.8065960354
548	0.6064122324	0.8065299201
549	0.6063670214	0.8065028864
550	0.6063293646	0.8064706839
551	0.6062946238	0.8063832841
552	0.6062169715	0.8063365551
553	0.6061723609	0.8063149586
554	0.6061462913	0.8062438722
555	0.6061162017	0.8062272075
556	0.6060599772	0.8061835254
557	0.6059968631	0.8061411335
558	0.6059419457	0.8060627969
559	0.6058947696	0.8060046118
560	0.6058944947	0.806004497
561	0.6058715767	0.8059702049
562	0.6057126543	0.8058017347
563	0.6056957375	0.8057728661
564	0.6056538686	0.8057368032
565	0.6055914809	0.8056667494
566	0.6055887613	0.8056656276
567	0.6055855239	0.8056573376
568	0.605583853	0.8056520158
569	0.6055216598	0.8055715178
570	0.6054773191	0.8055575742
571	0.6054440248	0.8055055284
572	0.6054177246	0.8054787973
573	0.6054120399	0.8054652915
574	0.6053972553	0.8054148466
575	0.6052827849	0.8053220928
576	0.6052196915	0.8052108601
577	0.605117489	0.8050708639
578	0.6050870788	0.8050100062
579	0.6050207583	0.8049508987
580	0.6048544139	0.8047826924
581	0.6048527396	0.8047774489
582	0.6047492117	0.8047293735
583	0.6047123835	0.8046660038
584	0.6046738701	0.8046010141
585	0.6045317775	0.8043316003
586	0.6043099796	0.8041551495
587	0.6042743786	0.8041185293
588	0.6042031817	0.8040699105
589	0.6041386866	0.8039820348
590	0.6041387812	0.8039813656
591	0.6041352592	0.8039753839
592	0.6041335448	0.8039702179
593	0.604096896	0.8039326176
594	0.6040516254	0.8038999481
595	0.6040406136	0.803869878
596	0.6040140441	0.803856189
597	0.6040025237	0.8038094911
598	0.6040008398	0.8038044416
599	0.6039381284	0.8037465336
600	0.6039017768	0.8036806798
601	0.6038425459	0.8036417617
602	0.6037576356	0.8035684462
603	0.6037559696	0.8035634753
604	0.6037012847	0.8035092947
605	0.6036722165	0.8034842689
606	0.6035333765	0.8034052026
607	0.6034082161	0.8033071818
608	0.6033915871	0.8032764711
609	0.6033869717	0.8032685038
610	0.603322788	0.8032057643
611	0.6033118764	0.8031953004
612	0.6032131833	0.8031239101
613	0.6032128788	0.8030960235
614	0.6031339062	0.8030384304
615	0.6030164538	0.8028516725
616	0.6030051952	0.8028095048
617	0.6029601795	0.8027373086
618	0.6028830506	0.8026177243
619	0.602850393	0.8025678099
620	0.6028192721	0.8025438817
621	0.6027762254	0.8024977775
622	0.6027427518	0.8024691896
623	0.6027095346	0.8024386779
624	0.6027002684	0.8024129122
625	0.6026588053	0.8023607477
626	0.6026347935	0.8023076094
627	0.6025595088	0.8022616631
628	0.6025539271	0.8022189004
629	0.6024895838	0.802131984
630	0.602479829	0.8021115094
631	0.6024595689	0.8020619942
632	0.6023701859	0.8019465153
633	0.6023227594	0.8018936552
634	0.6022839712	0.8018567494
635	0.6022535914	0.8018290022
636	0.6022123046	0.8017125149
637	0.6021892016	0.8016723831
638	0.6021669739	0.8016488506
639	0.6021414972	0.8016306918
640	0.6020257555	0.8015471503
641	0.6019953928	0.8015187489
642	0.6019846377	0.8015042835
643	0.6019516924	0.8014591952
644	0.6018498933	0.8013205344
645	0.6017977077	0.8012615457
646	0.6017533958	0.8011883973
647	0.6016148155	0.8011039479
648	0.6015831153	0.8010550728
649	0.6015077332	0.8009454234
650	0.6014559749	0.8008934883
651	0.6014062602	0.8008556708
652	0.6012971764	0.8007980974
653	0.601214704	0.8006969567
654	0.6011052193	0.8005400692
655	0.6011031151	0.8005246076
656	0.6010736949	0.8004748997
657	0.6010506765	0.800438645
658	0.6010384816	0.8004048187
659	0.6010256527	0.8003946473
660	0.6009869547	0.8003290189
661	0.6009731162	0.8003093722
662	0.6009534533	0.8002766263
663	0.6009433604	0.8002424061
664	0.6007937545	0.8001639275
665	0.6007950829	0.8001570131
666	0.6007723382	0.8001234267
667	0.6007608524	0.8001141574
668	0.6007038111	0.8000707531
669	0.6006482786	0.7999818848
670	0.6006102596	0.7999144279
671	0.6005892272	0.7998701398
672	0.6004315762	0.799725346
673	0.6004069181	0.7996945003
674	0.6003468342	0.7996237262
675	0.6003097531	0.7995254377
676	0.6002832517	0.7994932212
677	0.6002081179	0.7994154247
678	0.6001817162	0.7993702494
679	0.6000647475	0.7992790892
680	0.6000241	0.7991844423
681	0.6000137713	0.7991358036
682	0.5999382575	0.7990361011
683	0.5999083848	0.7990049492
684	0.5998771255	0.7989847379
685	0.5998486221	0.7989649156
686	0.5998072703	0.7989215821
687	0.5997503302	0.79886015
688	0.5996764879	0.7988070114
689	0.5995956764	0.7987269472
690	0.5995257232	0.7986269875
691	0.5995196283	0.7986188975
692	0.5993877206	0.7985230858
693	0.5993415058	0.7984102925
694	0.5993040774	0.7983606427
695	0.5992694823	0.7983390941
696	0.5992556486	0.7983032627
697	0.599144743	0.7981991174
698	0.5991008938	0.7981626469
699	0.5989912803	0.7980843174
700	0.5989332698	0.7980042029
701	0.5989257252	0.7979423882
702	0.598884695	0.7978970779
703	0.5988124773	0.7977699554
704	0.5986626844	0.7975562584
705	0.5985804616	0.7974677197
706	0.5985764421	0.7974585409
707	0.5985179043	0.7974126946
708	0.5985059413	0.7974019355
709	0.5984034487	0.7973343442
710	0.59830183	0.7971854847
711	0.5981453224	0.7970900779
712	0.5980427934	0.7969709013
713	0.5980191565	0.7969349285
714	0.5979821453	0.7968674515
715	0.5979609777	0.7968546831
716	0.5978767483	0.7967909797
717	0.5978424724	0.796733521
718	0.5977573221	0.7966393062
719	0.5977518493	0.7966117841
720	0.5977168473	0.7965823645
721	0.5976623266	0.7965394527
722	0.597606432	0.7964395569
723	0.5975705993	0.796376944
724	0.597565116	0.7963664292
725	0.5975791737	0.7963376513
726	0.5975767681	0.7963151284
727	0.5975208684	0.796240373
728	0.5974477953	0.7961394856
729	0.5974128864	0.7960734045
730	0.5972731675	0.7959860771
731	0.5972220556	0.7959066608
732	0.5971432372	0.7957750296
733	0.597135058	0.795765645
734	0.5970888558	0.7957142188
735	0.5970482059	0.7956417382
736	0.5970491258	0.7956231052
737	0.5970030327	0.7955569305
738	0.5969911821	0.7955482477
739	0.5969894591	0.795544172
740	0.5968887784	0.7953630974
741	0.5968821171	0.7953590242
742	0.5967717938	0.7952749663
743	0.5967018055	0.7951881237
744	0.5966754693	0.795171753
745	0.5966335939	0.7951485912
746	0.5966223625	0.7951417094
747	0.5965155434	0.7950506508
748	0.5965068673	0.7950349128
749	0.5964054173	0.7949061581
750	0.596323226	0.7948229885
751	0.5962598189	0.7947614092
752	0.5962596578	0.7947611653
753	0.5962412483	0.7947128375
754	0.5961120892	0.7946411319
755	0.5960085792	0.7945654115
756	0.596008521	0.794565411
757	0.5959746956	0.7944824503
758	0.5958982713	0.7944202483
759	0.5957567981	0.7942358702
760	0.5957286609	0.7941902306
761	0.5957172282	0.7941814823
762	0.5957148762	0.7941685841
763	0.5956470382	0.7941041038
764	0.5956453393	0.7941001377
765	0.5956020113	0.7940783427
766	0.5955315367	0.7939845444
767	0.5955052093	0.7939691118
768	0.5954550255	0.7939332508
769	0.5954329738	0.7939166447
770	0.5953495308	0.7937896171
771	0.5953168444	0.7937634758
772	0.5952750568	0.7937095108
773	0.5951744438	0.7936376076
774	0.5951666898	0.7936115044
775	0.5951450143	0.7935872047
776	0.5951077756	0.7935260335
777	0.5950909637	0.7934869275
778	0.595069429	0.7934779556
779	0.5949890063	0.7932826661
780	0.5949205881	0.7931827924
781	0.5949012351	0.7931506689
782	0.5948794385	0.793129464
783	0.5948407449	0.793072318
784	0.5948389609	0.7930682747
785	0.5948098113	0.7930417291
786	0.5947492149	0.7929770661
787	0.5947050913	0.7929503596
788	0.5946694088	0.7929191987
789	0.5945940405	0.7928456798
790	0.5945668705	0.7928192436
791	0.5945531012	0.7927883647
792	0.5944679746	0.7926623052
793	0.5944590166	0.7926485742
794	0.5942384793	0.7924873208
795	0.5942307997	0.7924743683
796	0.5941798318	0.7923907548
797	0.5941632429	0.792383043
798	0.594157559	0.7923723492
799	0.5941379776	0.7923612762
800	0.5940946782	0.7923290165
801	0.5940934449	0.7923277709
802	0.5940652649	0.7923009828
803	0.5940125447	0.7922188891
804	0.5939247998	0.7921402676
805	0.5938982334	0.7921058399
806	0.5938966115	0.7921022321
807	0.5938400127	0.7920396768
808	0.593821877	0.7920146704
809	0.593809665	0.7919942454
810	0.5937755024	0.7919284557
811	0.5937438415	0.791898373
812	0.5936988873	0.791812362
813	0.5936647628	0.791762599
814	0.5934998819	0.7916223011
815	0.5933998908	0.7914844501
816	0.5933518397	0.7914449261
817	0.593335534	0.7914070956
818	0.5932849296	0.7913435532
819	0.5932369498	0.791287798
820	0.5931901711	0.791239582
821	0.5931622919	0.7911777883
822	0.5931423471	0.7911440508
823	0.5930722984	0.7910566494
824	0.5930489009	0.791027428
825	0.5929720784	0.7909060983
826	0.5929482576	0.7908900638
827	0.5928332073	0.7907987088
828	0.592784379	0.7907375997
829	0.5926859793	0.7906256054
830	0.5926662487	0.7905904936
831	0.5925549505	0.790484593
832	0.5924744394	0.7903415044
833	0.5924517435	0.7903086939
834	0.5924431394	0.7902960875
835	0.5924217348	0.7902508305
836	0.5924189246	0.7902273055
837	0.5923738087	0.7901726675
838	0.5922880976	0.7900433899
839	0.5922771064	0.7900370893
840	0.5921481087	0.7899828311
841	0.5921431712	0.7899748491
842	0.5920048931	0.7898573623
843	0.5919546268	0.7898167676
844	0.5919487478	0.7898138191
845	0.5919300313	0.7897849627
846	0.5919216524	0.7897758206
847	0.5919169218	0.789754606
848	0.591803631	0.7896811631
849	0.5916639197	0.7895484412
850	0.5916370012	0.7894941248
851	0.5915557955	0.7894302091
852	0.5915414166	0.7893913771
853	0.5914981831	0.7893119615
854	0.5914842359	0.7892840687
855	0.5914767155	0.7892719046
856	0.5914632031	0.7892410047
857	0.5914292325	0.7891875134
858	0.5914343557	0.78918038
859	0.591329899	0.789120873
860	0.5913132118	0.7890975188
861	0.5913029461	0.7890764065
862	0.5912910445	0.7890656591
863	0.5912868868	0.7890508674
864	0.5912689024	0.7890281215
865	0.5912121736	0.7889602649
866	0.5910862779	0.7887978658
867	0.5910421741	0.7887554376
868	0.5910277983	0.7887342247
869	0.5909720835	0.7887028759
870	0.590945617	0.7886569464
871	0.5908334619	0.7885703354
872	0.5907197783	0.7884182717
873	0.5906019561	0.7882309944
874	0.5905828587	0.7881938215
875	0.5905671244	0.7881700585
876	0.5905397767	0.7881126972
877	0.5905214264	0.7880709138
878	0.5904866606	0.7880429688
879	0.5904149237	0.7879987534
880	0.5903321424	0.7879485761
881	0.5902326133	0.7878361138
882	0.5902008642	0.7878087501
883	0.5901627895	0.7877803926
884	0.5901022144	0.7877306358
885	0.5900709437	0.7876966417
886	0.5900438005	0.7876399302
887	0.5900358188	0.7876328361
888	0.5900265068	0.7876187106
889	0.589958488	0.7875600806
890	0.589930552	0.7875298078
891	0.5899198259	0.7875103624
892	0.5897297539	0.787381661
893	0.5896885443	0.7873204414
894	0.5896448533	0.7872872528
895	0.5895747025	0.7871949772
896	0.5894684699	0.7870849839
897	0.5894149323	0.7870029354
898	0.5892975544	0.7868072288
899	0.589150437	0.7867104937
900	0.5891444369	0.786691816
901	0.5890951701	0.7866247056
902	0.5890937081	0.7866137049
903	0.5890276918	0.7865461974
904	0.5888764893	0.7864148839
905	0.5888686541	0.7863914453
906	0.5887787214	0.7863287486
907	0.5887408311	0.7862439683
908	0.5887382057	0.7862346453
909	0.5887180691	0.7861468268
910	0.5886806255	0.7860820977
911	0.5886557375	0.7860440162
912	0.5885905658	0.7859886797
913	0.5884988727	0.7858986371
914	0.5884530523	0.7858277893
915	0.5884098986	0.7857738342
916	0.5883790972	0.7857425173
917	0.5883588847	0.7857201558
918	0.5883043157	0.7856676599
919	0.5882365329	0.78554791
920	0.5881346476	0.7854547095
921	0.5881154203	0.7854319509
922	0.588109092	0.7854207269
923	0.5880904338	0.785398674
924	0.5879740653	0.7853209722
925	0.58795324	0.7853009699
926	0.5878394993	0.7851107653
927	0.5878335256	0.7850995714
928	0.5877832625	0.7850403145
929	0.5877780063	0.7850332662
930	0.5876610449	0.7849691898
931	0.5875774039	0.7848636878
932	0.5875186719	0.7848083144
933	0.5875102748	0.7847996216
934	0.5874668203	0.7847600825
935	0.587419761	0.7847412296
936	0.5872929674	0.7846196712
937	0.5872573929	0.7845826843
938	0.5872470885	0.7845597664
939	0.5871858631	0.7844873298
940	0.5871199908	0.7843720341
941	0.5871369089	0.7843561843
942	0.5870597266	0.7842487737
943	0.587047201	0.7842430115
944	0.5869064711	0.7841292243
945	0.5868559117	0.7841025638
946	0.5868480232	0.7840531419
947	0.5868298702	0.784031553
948	0.5868153038	0.7840227282
949	0.5867866633	0.7839956339
950	0.5867711328	0.7839702226
951	0.5866660843	0.7837839142
952	0.5866469186	0.7836978131
953	0.5866167882	0.7836746152
954	0.5866128545	0.7836736376
955	0.5865984045	0.7836430728
956	0.5865347962	0.7835558038
957	0.5864716311	0.7835151992
958	0.5864657272	0.7835061494
959	0.5864509116	0.7834377435
960	0.5864243721	0.7834222952
961	0.5863421854	0.7833164436
962	0.586245752	0.7831836372
963	0.586230843	0.7831536904
964	0.5861508965	0.7830684745
965	0.5860760887	0.7830145818
966	0.5860035307	0.7827991218
967	0.5859636521	0.7827590436
968	0.5858677557	0.7826268322
969	0.5858622676	0.7826064934
970	0.5857827628	0.782506974
971	0.5856804555	0.7823257567
972	0.5856528155	0.7822792902
973	0.5856080012	0.7822375558
974	0.5854865753	0.7821234688
975	0.5854534798	0.7820671959
976	0.5853682213	0.7820009904
977	0.5853188289	0.7819584749
978	0.5852167372	0.7817802909
979	0.5851767992	0.7817300207
980	0.5850387646	0.7815714753
981	0.5850164169	0.7815357491
982	0.5850140248	0.7815313793
983	0.5849594574	0.7814673121
984	0.5848737126	0.781365976
985	0.5847728446	0.7811910962
986	0.5847672106	0.7811770612
987	0.5847477437	0.7811564293
988	0.584630063	0.7810460657
989	0.5846238842	0.7810259116
990	0.5846163497	0.7810217297
991	0.5845164969	0.780849797
992	0.5844023501	0.7807543311
993	0.584365319	0.7807055333
994	0.5843051679	0.7806554585
995	0.584269283	0.7805837444
996	0.5842177495	0.7805208621
997	0.5841855642	0.7804662978
998	0.584145807	0.780389374
999	0.5839839832	0.780261718
1000	0.583966417	0.7802267085
1001	0.5838921813	0.7801614409
1002	0.5838633608	0.7801462778
1003	0.5837677364	0.7799782794
1004	0.5837613527	0.779971316
1005	0.5837506426	0.7799596268
1006	0.5837181668	0.7799194262
1007	0.5837165179	0.7799163121
1008	0.5836853394	0.7798629123
1009	0.583685294	0.7798363823
1010	0.5836706654	0.7797828884
1011	0.5836656278	0.7797763063
1012	0.5836423163	0.7797547396
1013	0.5835969452	0.7797143261
1014	0.5835581538	0.7796647644
1015	0.5835564856	0.7796617609
1016	0.5835392611	0.7796272618
1017	0.5835084462	0.7795663432
1018	0.5834847477	0.779545139
1019	0.5834218531	0.7794322245
1020	0.5833303107	0.7793194331
1021	0.5832627268	0.7792873734
1022	0.5831552312	0.7791955194
1023	0.5831515451	0.779187848
1024	0.5830971467	0.779121795
1025	0.583091385	0.7791147196
1026	0.5830839186	0.779110715
1027	0.5829672212	0.7789994831
1028	0.5829572592	0.7789884757
1029	0.582857141	0.7789121548
1030	0.5828554852	0.7789092225
1031	0.5828217217	0.7788570849
1032	0.5827532374	0.7788010563
1033	0.5827507188	0.7787970894
1034	0.5827377424	0.7787643432
1035	0.5827011842	0.7787148191
1036	0.5826570678	0.7786653794
1037	0.5825679166	0.7785141581
1038	0.5825171166	0.7784504919
1039	0.5824116306	0.7783466318
1040	0.5824013815	0.7783051576
1041	0.5823630087	0.7782587554
1042	0.5823145011	0.7782181983
1043	0.5822989859	0.7781989275
1044	0.5822517613	0.778130573
1045	0.582209066	0.7780822746
1046	0.5821379855	0.7779696483
1047	0.5819741127	0.7778494937
1048	0.5819699161	0.7778399345
1049	0.5819573209	0.7778130617
1050	0.5818875367	0.7777025442
1051	0.5818664072	0.7776794384
1052	0.5817696749	0.7775736787
1053	0.5817489369	0.7775510056
1054	0.5816753243	0.7774980734
1055	0.5816664637	0.7774810779
1056	0.5816209161	0.777417869
1057	0.5816050617	0.7773986142
1058	0.5815825509	0.7773757478
1059	0.5815772243	0.7773722633
1060	0.5814198897	0.7772494517
1061	0.5813227635	0.7771625895
1062	0.5813185796	0.7771508539
1063	0.581274572	0.7771101755
1064	0.5812723088	0.7770972039
1065	0.5812374635	0.7770408366
1066	0.5812246018	0.7770289459
1067	0.5811836492	0.7769821205
1068	0.5811621296	0.7769582795
1069	0.581118998	0.7768858661
1070	0.5810269423	0.7767257394
1071	0.5809789426	0.7766670112
1072	0.5809039366	0.7765950799
1073	0.5808431407	0.7764910377
1074	0.5808059111	0.7764435503
1075	0.5807843885	0.7763665106
1076	0.5807741693	0.7763445917
1077	0.5807250092	0.7763140577
1078	0.5807170328	0.7762962119
1079	0.5807136453	0.776284651
1080	0.5806640017	0.7762669231
1081	0.5805212505	0.7761268416
1082	0.5804355008	0.7760298195
1083	0.580384494	0.7759802341
1084	0.58033689	0.7758833742
1085	0.5801854172	0.7757644912
1086	0.5800955669	0.7756081838
1087	0.5800786103	0.7755707538
1088	0.5799637386	0.7754381189
1089	0.5798943327	0.7753562656
1090	0.5798852709	0.7753433018
1091	0.5798395756	0.7753040341
1092	0.5798303143	0.775258501
1093	0.5798058216	0.7752339822
1094	0.5797056503	0.7751376185
1095	0.5796941801	0.7751203396
1096	0.5796200841	0.7750589856
1097	0.5795962738	0.775022866
1098	0.5795103284	0.7749289008
1099	0.5794988332	0.7748920069
1100	0.579467395	0.7748597244
1101	0.579448223	0.7748388261
1102	0.5793587328	0.7746853283
1103	0.579345971	0.7746723294
